{"cameraMode":{"drawMode":0,"name":"Shaded","section":"Shading Mode"},"sceneLighting":false,"audioPlay":false,"sceneViewState":{"showFog":true,"showMaterialUpdate":false,"showSkybox":false,"showFlares":true,"showImageEffects":true,"showParticleSystems":true,"showVisualEffectGraphs":true,"m_FxEnabled":true},"in2DMode":false,"pivot":{"x":219.99908447265626,"y":0.7052875757217407,"z":496.9598693847656},"rotation":{"x":0.3713068664073944,"y":0.05010348930954933,"z":-0.020070061087608339,"w":0.9269399046897888},"size":0.3534049391746521,"orthographic":false}