{"cameraMode":{"drawMode":0,"name":"Shaded","section":"Shading Mode"},"sceneLighting":false,"audioPlay":false,"sceneViewState":{"showFog":true,"showMaterialUpdate":false,"showSkybox":false,"showFlares":true,"showImageEffects":true,"showParticleSystems":true,"showVisualEffectGraphs":true,"m_FxEnabled":true},"in2DMode":false,"pivot":{"x":211.9032440185547,"y":0.43921369314193728,"z":494.70562744140627},"rotation":{"x":-0.14326974749565125,"y":0.056379493325948718,"z":0.008175233379006386,"w":0.9880422949790955},"size":0.6743139028549194,"orthographic":false}