{"cameraMode":{"drawMode":0,"name":"Shaded","section":"Shading Mode"},"sceneLighting":true,"audioPlay":false,"sceneViewState":{"showFog":true,"showMaterialUpdate":false,"showSkybox":true,"showFlares":true,"showImageEffects":true,"showParticleSystems":true},"in2DMode":false,"pivot":{"x":-81.28254699707031,"y":77.64057922363281,"z":32.43247604370117},"rotation":{"x":-0.031896039843559268,"y":0.8191145658493042,"z":-0.045762207359075549,"w":-0.5709097385406494},"size":74.26566314697266,"orthographic":false}