{"cameraMode":{"drawMode":0,"name":"Shaded","section":"Shading Mode"},"sceneLighting":false,"audioPlay":false,"sceneViewState":{"showFog":true,"showMaterialUpdate":false,"showSkybox":false,"showFlares":true,"showImageEffects":true,"showParticleSystems":true},"in2DMode":false,"pivot":{"x":7.011506080627441,"y":7.952207565307617,"z":11.777799606323243},"rotation":{"x":0.31349602341651919,"y":-0.3716585636138916,"z":0.13495460152626038,"w":0.8633542656898499},"size":14.659429550170899,"orthographic":false}