{"cameraMode":{"drawMode":0,"name":"Shaded","section":"Shading Mode"},"sceneLighting":false,"audioPlay":false,"sceneViewState":{"showFog":true,"showMaterialUpdate":false,"showSkybox":false,"showFlares":true,"showImageEffects":true,"showParticleSystems":true},"in2DMode":false,"pivot":{"x":220.17799377441407,"y":0.9500000476837158,"z":498.15399169921877},"rotation":{"x":0.15564464032649995,"y":-0.7348169684410095,"z":0.1800631880760193,"w":0.6351680755615234},"size":1.299038052558899,"orthographic":false}