{"cameraMode":{"drawMode":0,"name":"Shaded","section":"Shading Mode"},"sceneLighting":true,"audioPlay":false,"sceneViewState":{"showFog":true,"showMaterialUpdate":false,"showSkybox":true,"showFlares":true,"showImageEffects":true,"showParticleSystems":true},"in2DMode":false,"pivot":{"x":10.891897201538086,"y":7.225897789001465,"z":3.455274820327759},"rotation":{"x":-0.17549635469913484,"y":-0.3724682629108429,"z":0.0719158723950386,"w":-0.9084916114807129},"size":10.104171752929688,"orthographic":false}