{"cameraMode":{"drawMode":0,"name":"Shaded","section":"Shading Mode"},"sceneLighting":true,"audioPlay":false,"sceneViewState":{"showFog":true,"showMaterialUpdate":false,"showSkybox":true,"showFlares":true,"showImageEffects":true,"showParticleSystems":true},"in2DMode":false,"pivot":{"x":-4.535732269287109,"y":2.832432746887207,"z":-0.46175670623779299},"rotation":{"x":0.20304955542087556,"y":-0.7959151864051819,"z":0.42539262771606448,"w":0.380069762468338},"size":6.430128574371338,"orthographic":false}