{"cameraMode":{"drawMode":0,"name":"Shaded","section":"Shading Mode"},"sceneLighting":true,"audioPlay":false,"sceneViewState":{"showFog":true,"showMaterialUpdate":false,"showSkybox":true,"showFlares":true,"showImageEffects":true,"showParticleSystems":true},"in2DMode":false,"pivot":{"x":89.26720428466797,"y":6.168437957763672,"z":-7.705389976501465},"rotation":{"x":-0.23857387900352479,"y":0.5767651796340942,"z":-0.181754931807518,"w":-0.760330855846405},"size":8.359829902648926,"orthographic":false}