{"cameraMode":{"drawMode":0,"name":"Shaded","section":"Shading Mode"},"sceneLighting":true,"audioPlay":false,"sceneViewState":{"showFog":true,"showMaterialUpdate":false,"showSkybox":true,"showFlares":true,"showImageEffects":true,"showParticleSystems":true},"in2DMode":false,"pivot":{"x":93.38396453857422,"y":1.0397589206695557,"z":18.432422637939454},"rotation":{"x":0.006037861108779907,"y":-0.9930621385574341,"z":0.10763981193304062,"w":0.051200903952121738},"size":1.060492992401123,"orthographic":false}