{"cameraMode":{"drawMode":0,"name":"Shaded","section":"Shading Mode"},"sceneLighting":true,"audioPlay":false,"sceneViewState":{"showFog":true,"showMaterialUpdate":false,"showSkybox":true,"showFlares":true,"showImageEffects":true,"showParticleSystems":true},"in2DMode":false,"pivot":{"x":3.5286169052124025,"y":10.723703384399414,"z":-4.077861309051514},"rotation":{"x":-0.1378716677427292,"y":0.00536669185385108,"z":-0.0007652080385014415,"w":-0.9904689192771912},"size":0.0652780532836914,"orthographic":false}