{"cameraMode":{"drawMode":0,"name":"Shaded","section":"Shading Mode"},"sceneLighting":true,"audioPlay":false,"sceneViewState":{"showFog":true,"showMaterialUpdate":false,"showSkybox":true,"showFlares":true,"showImageEffects":true,"showParticleSystems":true},"in2DMode":false,"pivot":{"x":94.1143798828125,"y":70.13309478759766,"z":-45.209495544433597},"rotation":{"x":0.007644414436072111,"y":-0.9611982703208923,"z":-0.2753501534461975,"w":-0.025298934429883958},"size":60.849571228027347,"orthographic":false}