{"cameraMode":{"drawMode":0,"name":"Shaded","section":"Shading Mode"},"sceneLighting":false,"audioPlay":false,"sceneViewState":{"showFog":true,"showMaterialUpdate":false,"showSkybox":false,"showFlares":true,"showImageEffects":true,"showParticleSystems":true},"in2DMode":false,"pivot":{"x":211.75563049316407,"y":0.029513508081436158,"z":494.77691650390627},"rotation":{"x":0.15564464032649995,"y":-0.7348169684410095,"z":0.1800631880760193,"w":0.6351680755615234},"size":1.1465951204299927,"orthographic":false}