{"cameraMode":{"drawMode":0,"name":"Shaded","section":"Shading Mode"},"sceneLighting":false,"audioPlay":false,"sceneViewState":{"showFog":true,"showMaterialUpdate":false,"showSkybox":false,"showFlares":true,"showImageEffects":true,"showParticleSystems":true},"in2DMode":false,"pivot":{"x":4.619688034057617,"y":8.64692497253418,"z":16.239545822143556},"rotation":{"x":-0.005509443115442991,"y":0.984832763671875,"z":0.031021099537611009,"w":0.17190499603748322},"size":13.037557601928711,"orthographic":false}