{"cameraMode":{"drawMode":0,"name":"Shaded","section":"Shading Mode"},"sceneLighting":false,"audioPlay":false,"sceneViewState":{"showFog":false,"showMaterialUpdate":false,"showSkybox":false,"showFlares":false,"showImageEffects":false,"showParticleSystems":false},"in2DMode":false,"pivot":{"x":-701.324462890625,"y":-10.170656204223633,"z":152.4056396484375},"rotation":{"x":-0.012001697905361653,"y":0.9393035769462586,"z":0.34139198064804079,"w":0.03361102193593979},"size":1.8988122940063477,"orthographic":false}