{"cameraMode":{"drawMode":0,"name":"Shaded","section":"Shading Mode"},"sceneLighting":false,"audioPlay":false,"sceneViewState":{"showFog":true,"showMaterialUpdate":false,"showSkybox":false,"showFlares":true,"showImageEffects":true,"showParticleSystems":true},"in2DMode":false,"pivot":{"x":3702.9677734375,"y":2940.43798828125,"z":5748.83740234375},"rotation":{"x":0.37896427512168887,"y":0.4505878686904907,"z":-0.21950148046016694,"w":0.7779309153556824},"size":1.313720703125,"orthographic":false}