{"cameraMode":{"drawMode":0,"name":"Shaded","section":"Shading Mode"},"sceneLighting":true,"audioPlay":false,"sceneViewState":{"showFog":true,"showMaterialUpdate":false,"showSkybox":false,"showFlares":true,"showImageEffects":true,"showParticleSystems":true},"in2DMode":false,"pivot":{"x":-1852.32177734375,"y":446.36773681640627,"z":1840.4930419921875},"rotation":{"x":0.37896427512168887,"y":0.4505878686904907,"z":-0.21950148046016694,"w":0.7779309153556824},"size":602.5804443359375,"orthographic":false}