{"cameraMode":{"drawMode":0,"name":"Shaded","section":"Shading Mode"},"sceneLighting":true,"audioPlay":false,"sceneViewState":{"showFog":true,"showMaterialUpdate":false,"showSkybox":true,"showFlares":true,"showImageEffects":true,"showParticleSystems":true,"showVisualEffectGraphs":true,"m_FxEnabled":true},"in2DMode":false,"pivot":{"x":-2.016526460647583,"y":1.4986839294433594,"z":-0.8218374252319336},"rotation":{"x":0.07236924022436142,"y":-0.3566305339336395,"z":0.025663934648036958,"w":0.9314188361167908},"size":1.5521037578582764,"orthographic":false}