{"cameraMode":{"drawMode":0,"name":"Shaded","section":"Shading Mode"},"sceneLighting":false,"audioPlay":false,"sceneViewState":{"showFog":true,"showMaterialUpdate":false,"showSkybox":false,"showFlares":true,"showImageEffects":true,"showParticleSystems":true,"showVisualEffectGraphs":true,"m_FxEnabled":true},"in2DMode":false,"pivot":{"x":24.803382873535158,"y":3.8886046409606935,"z":20.54054069519043},"rotation":{"x":0.19341103732585908,"y":-0.6498737931251526,"z":0.17566679418087007,"w":0.7139272093772888},"size":0.23215779662132264,"orthographic":false}