{"cameraMode":{"drawMode":0,"name":"Shaded","section":"Shading Mode"},"sceneLighting":false,"audioPlay":false,"sceneViewState":{"showFog":true,"showMaterialUpdate":false,"showSkybox":false,"showFlares":true,"showImageEffects":true,"showParticleSystems":true,"showVisualEffectGraphs":true,"m_FxEnabled":true},"in2DMode":false,"pivot":{"x":-1.3726787567138672,"y":0.8684841394424439,"z":10.232162475585938},"rotation":{"x":0.11578257381916046,"y":0.07739370316267014,"z":-0.009049401618540287,"w":0.9902141094207764},"size":0.5241032838821411,"orthographic":false}